size_sqft,bedrooms,bathrooms,age_years,distance_city_km,school_rating,price
675,7,1,2,7.29,2,20507618
1720,3,6,25,29.18,1,43993514
1037,5,3,9,1.82,5,29559754
3050,5,2,23,2.68,9,83944390
2103,4,5,20,12.91,10,60403577
711,4,1,28,18.87,3,17198155
1419,4,3,3,19.14,5,40370184
2139,7,1,6,3.81,8,62354464
1872,2,1,2,16.12,5,53018235
3757,4,4,24,5.9,3,105152598
3970,7,2,17,7.66,6,111281376
3083,2,1,26,7.82,3,84876598
845,4,6,5,8.46,6,25216989
866,2,1,6,26.1,1,22216892
3102,7,4,1,24.21,1,87446317
3278,7,5,29,5.05,2,91211278
1404,7,4,9,20.7,5,39860125
3739,7,5,13,7.29,8,106532998
2522,5,3,15,0.98,6,71419689
1592,5,3,12,2.44,7,45408253
1956,1,6,29,22.68,4,51234060
2419,6,2,19,20.48,10,67122819
891,7,4,4,16.13,9,26301051
3488,7,5,19,4.33,9,98166894
1599,1,1,14,24.12,8,43373683
3371,7,2,16,15.54,1,94520659
2798,6,4,15,17.48,7,78995980
3578,7,5,17,24.64,8,99577612
3616,6,1,12,9.41,3,101107099
1849,3,6,28,9.71,9,52778489
1676,3,4,3,3.53,5,48984313
683,4,6,23,10.35,2,18104118
3497,2,6,5,24.5,9,98749394
3684,5,2,7,18.91,4,102431704
1263,6,2,16,8.3,8,35106390
3761,2,4,21,8.59,1,103195753
790,6,2,21,19.7,1,21608676
812,5,4,28,25.49,5,20445232
2749,3,4,1,12.57,6,79024206
1986,1,6,26,0.53,8,56140938
3098,3,3,7,28.44,5,86139396
1272,2,5,13,26.55,8,34769542
3042,6,3,7,19.11,3,85806390
1661,2,4,7,1.72,4,47552002
1719,1,3,6,13.76,10,47743845
3644,2,4,15,9.16,7,102580115
1444,4,1,15,3.0,4,40489857
757,6,3,1,12.5,10,24023084
2228,2,1,3,15.5,4,61815677
2948,7,3,5,15.5,6,83100482
3946,2,4,29,8.77,9,109109902
2451,3,5,0,7.78,6,70089223
1873,6,2,2,24.53,5,53657264
3488,2,6,24,3.73,7,96437939
3152,1,2,18,16.11,10,87701299
1264,1,6,3,16.91,2,35407319
2107,4,1,8,5.74,5,59467535
2827,2,3,24,1.16,6,78008103
3293,7,1,7,15.33,4,92788560
3351,3,5,24,16.42,5,93027320
1972,3,3,24,5.1,10,54941606
1841,2,2,19,0.63,2,51200351
1915,3,5,9,15.87,9,53323728
1675,1,4,17,1.03,10,46897562
592,6,5,21,12.8,5,16702634
1259,3,3,10,23.21,9,34734376
1748,3,6,19,25.41,9,46763938
2185,4,3,20,17.7,1,60240751
2904,4,2,6,18.32,10,81155427
1431,5,1,29,4.61,7,39699849
3029,1,5,24,15.38,10,83329110
3127,1,4,14,7.58,10,87533469
1743,6,5,13,24.84,7,48420687
981,7,2,23,11.86,3,26132855
1543,3,1,10,18.96,5,42553172
3471,6,1,25,22.89,6,95105804
1287,1,5,27,13.41,9,34878037
533,1,5,15,28.03,6,13349178
3695,6,6,28,16.09,8,103625700
1810,6,1,13,8.55,9,52590799
3289,3,2,28,25.82,2,88167284
2365,6,6,12,20.24,2,64922924
1489,5,5,15,0.88,8,43796037
2501,7,2,27,8.11,7,69590019
2419,6,3,14,22.85,8,67539846
1939,7,3,2,20.01,6,55709518
1654,3,4,10,14.62,6,46364061
1607,4,6,23,28.55,8,43434079
902,6,6,26,10.54,5,24178331
2569,4,4,23,21.1,10,70714319
2155,6,4,1,10.86,3,61321312
2751,3,1,12,8.44,6,75716380
2478,6,4,16,6.74,2,69910611
547,2,6,4,3.15,3,16827582
1284,2,1,28,4.22,4,33873611
3072,4,4,0,5.72,6,88802884
849,7,2,26,9.31,6,23269033
2655,5,6,29,28.75,8,72211859
893,5,4,0,5.12,10,27154256
1344,6,6,28,13.55,10,37469315
2359,1,4,10,6.21,4,66441194
1122,7,4,11,13.01,7,33324628
1154,7,1,21,1.41,8,33206631
1136,2,5,13,8.56,10,32848403
776,7,4,2,7.95,1,24048001
809,2,3,23,16.22,4,20024247
2544,3,4,1,0.84,6,73100509
2435,2,3,19,15.02,9,66808327
1327,1,5,13,3.11,2,35715969
2583,2,6,25,26.15,10,70188558
2340,4,3,18,13.05,1,63736560
2808,6,4,17,23.05,1,77429328
2335,5,5,22,25.06,4,63574381
3004,5,6,5,9.81,7,86762405
1998,4,2,14,24.27,9,55004490
2286,4,6,29,16.61,1,62777650
3555,5,4,1,24.55,5,100183155
3787,1,4,18,24.1,3,104553669
1473,2,3,14,5.17,10,41990969
2982,4,1,22,19.84,6,82544797
539,3,2,17,12.54,6,13603257
1655,4,6,29,1.34,9,45490066
3985,2,2,4,7.4,4,111302462
2432,7,3,14,6.73,8,68659640
960,7,2,17,16.8,7,27268650
3395,2,2,11,11.02,3,94138131
1066,3,2,7,5.73,5,31251272
1178,5,1,23,23.75,7,32371488
873,1,5,1,5.31,10,26224241
3258,7,1,1,22.43,4,91536640
544,3,3,3,21.48,1,14419760
3535,3,4,9,5.63,8,100781998
1147,1,6,14,21.06,10,32691311
2526,4,6,28,20.86,6,68948659
995,5,2,11,20.37,7,28317699
697,5,2,14,28.86,5,17078658
2648,4,2,24,27.95,2,69992574
3752,2,4,9,13.66,5,105426747
1501,3,1,21,9.75,10,41231507
669,7,5,11,3.85,6,20970290
529,7,3,0,10.15,5,17156553
2830,4,4,28,19.66,4,77065487
2356,5,4,11,25.12,8,66613111
2738,1,5,3,4.83,7,77722754
1226,4,4,2,15.84,3,34419521
2262,2,1,2,5.12,2,63998284
3584,4,5,17,26.29,5,98465647
1146,7,6,14,27.42,10,32809622
2454,5,3,21,3.0,5,69025565
943,7,6,4,2.87,10,29967999
606,7,6,19,25.14,6,16886581
2408,4,5,12,13.4,9,68686624
3045,4,5,9,11.15,8,86443187
1873,3,4,7,29.51,10,51577553
986,2,6,11,27.24,7,26704546
1758,2,4,21,7.6,9,49643168
3077,5,4,4,8.21,3,87530263
3577,1,1,10,27.77,3,97599652
3395,3,5,19,27.96,6,93418749
549,7,4,22,13.51,4,15624694
1962,1,6,1,12.85,5,56083159
1856,5,5,12,23.61,2,51008364
2141,3,1,20,4.33,4,59440408
1500,7,2,26,9.68,7,40275722
1488,4,3,7,2.84,8,42889070
682,6,5,27,5.14,3,18043272
2211,2,6,7,4.57,2,62682557
2969,6,6,20,10.17,3,82986459
3147,7,4,19,22.74,5,87842721
2185,6,2,26,27.93,6,59102958
3832,4,5,27,6.25,5,106719116
3023,7,3,16,5.73,1,85137602
3136,5,1,24,16.64,10,85952188
733,4,6,0,20.22,9,22661187
2879,1,6,18,23.31,10,79767168
3322,3,6,8,16.46,3,92979573
2773,3,6,23,26.91,7,77152783
969,6,6,19,5.38,6,28238043
585,5,3,19,14.24,4,15569308
2194,2,4,11,4.44,1,61205330
3024,3,3,8,29.45,1,83349191
2348,3,1,12,29.61,8,65186256
2343,6,5,11,18.95,6,67038513
2795,7,6,8,24.39,10,79840947
1707,1,5,19,17.31,9,46753356
1600,1,2,14,28.74,4,41590379
1432,7,1,6,23.28,10,42128063
2235,4,3,17,15.87,3,62540059
2633,3,3,14,14.27,7,73019187
2222,6,1,13,21.15,5,61363759
2333,1,6,20,4.91,1,65150844
1754,6,2,22,12.87,9,49379822
1411,5,5,3,2.98,3,41463417
3887,2,1,18,12.41,2,107911617
1350,1,1,12,27.44,10,35932190
1075,1,3,2,15.38,9,30214594
2448,7,6,2,22.08,6,70333688
2948,2,3,29,3.14,3,81498923
3607,6,3,26,1.83,10,101006826
788,6,4,13,6.8,4,22022872
3177,1,4,1,24.05,1,88346995
3275,1,1,19,6.94,7,90639152
3539,6,3,25,4.79,2,98109896
661,3,4,18,22.16,5,17185743
545,1,1,12,17.33,9,14374321
2460,6,4,14,5.3,2,69734930
2152,3,2,15,15.49,4,59603662
975,7,5,8,7.38,10,30093484
2946,2,1,16,11.73,7,81934629
2593,3,3,12,15.98,1,71452145
1373,6,2,5,29.18,9,38779759
3614,4,3,0,11.79,1,101253400
3412,7,6,12,4.94,4,96865809
790,1,3,3,20.26,5,20950919
3667,1,2,7,25.48,1,100507993
2731,6,1,27,24.75,7,74056895
2778,5,6,22,8.03,8,77834084
1414,3,5,25,27.05,7,38160284
765,1,5,19,4.46,8,21123385
2493,2,4,15,4.47,8,69633570
769,3,6,28,22.94,1,19006029
3913,1,5,21,21.58,7,108494600
2549,6,2,1,15.87,6,72301408
1811,2,3,17,21.12,3,47337793
1410,2,6,0,8.91,1,40632779
2756,5,5,29,28.28,6,74174673
1060,4,3,5,12.36,4,30235216
1506,2,3,13,23.26,2,40947519
1685,6,2,9,26.65,10,46544786
2505,5,3,17,15.55,3,68931822
3527,7,3,26,0.59,4,98809020
2803,1,4,25,23.27,8,76681853
3910,4,3,3,28.59,1,109428375
3124,2,1,1,7.12,8,89985200
3009,1,2,7,29.54,8,82291742
2350,5,6,11,2.12,8,68720571
3838,5,6,21,22.01,3,107433167
2546,2,1,14,27.49,7,69317584
1960,3,6,14,28.72,6,53405008
3087,1,3,4,1.56,10,87943944
656,6,3,19,27.86,4,18168559
3580,6,5,18,22.31,9,100280124
3160,3,4,13,25.66,1,85855309
2976,3,1,0,17.77,1,82858116
2290,2,1,5,7.18,7,63780943
3370,2,3,21,19.82,1,92427748
3870,7,2,15,21.94,1,106733027
1872,5,4,14,8.68,3,52553395
3067,7,3,14,16.01,2,85224998
3301,7,6,12,24.37,6,93347989
2691,6,1,8,23.39,10,75428224
2164,6,1,22,11.35,6,60034329
3782,3,3,29,21.23,9,103905723
1755,4,1,8,26.49,7,49149053
3552,6,1,7,25.73,10,100452968
3616,4,6,2,2.79,2,103983031
3069,6,3,15,9.75,4,86929994
2988,5,3,0,8.2,5,86029374
1494,3,2,17,14.15,10,41727655
676,7,6,3,6.21,8,21681131
3187,3,2,17,5.4,1,87752381
1951,7,2,27,22.85,1,51941137
1417,6,3,9,13.43,10,40857146
2692,3,1,4,7.84,8,77109309
2525,5,6,15,4.86,1,70920491
511,4,1,29,10.61,8,12896248
3732,6,4,28,24.29,5,103032058
1308,7,5,13,18.73,5,36912062
2072,4,2,22,24.67,5,56096216
569,4,3,15,23.97,1,14079236
2448,6,4,15,29.75,10,67369589
3935,7,5,29,1.55,3,109883422
2597,6,1,26,21.32,9,71836081
866,3,2,16,6.4,9,23875771
3038,1,3,14,7.39,9,85343218
2984,1,1,10,2.83,10,83546628
2532,3,4,20,22.81,7,69279410
1147,4,1,11,1.83,9,34508413
2640,7,3,14,17.16,10,73037366
2019,1,4,1,5.93,4,57892156
2350,1,5,6,23.09,5,64652407
3238,2,1,27,10.05,4,88971301
3394,5,4,24,2.44,6,95074833
1059,4,2,27,28.09,3,27043435
2162,2,6,18,7.43,2,59448190
1458,1,1,3,12.78,10,41957375
961,1,5,6,5.81,8,27904271
3783,3,4,27,6.6,4,104985125
1629,2,6,24,13.93,9,45118207
1601,5,6,9,1.87,7,46880799
1591,6,5,21,0.77,4,43815211
2427,2,4,16,17.9,9,67619734
1940,7,2,6,11.33,6,56093890
3605,2,5,2,28.63,8,100333876
831,2,6,28,28.82,3,19727125
3640,7,3,17,0.72,4,103858679
730,5,3,25,18.51,7,19436105
1107,1,6,18,8.23,8,30124129
1263,6,5,18,2.71,1,36080083
3557,3,6,22,22.13,6,98574401
2626,1,2,26,12.37,8,72162177
2975,7,3,27,8.62,3,82190129
2112,3,3,6,14.42,6,59622516
3972,7,6,7,5.25,1,113802957
3941,7,1,10,19.96,8,110397094
2158,6,6,1,10.39,6,62239723
3982,4,1,24,28.46,6,109037184
2516,7,6,4,18.56,2,71906597
2928,3,4,9,24.3,1,80830165
3551,2,4,16,28.57,7,98649475
1020,4,5,8,3.12,2,29822119
2216,6,6,2,23.75,8,64391334
2130,1,4,20,12.87,2,57646374
3413,2,5,24,14.79,9,94432123
2243,6,1,7,17.56,1,62111715
2954,2,4,26,18.73,3,78918639
684,7,5,18,25.48,3,18367086
2729,5,3,10,6.12,4,76839824
2070,4,1,14,18.49,6,57007641
2304,6,5,22,21.19,7,63223546
760,7,3,19,11.12,7,21914667
544,3,2,15,4.19,6,14691275
1835,6,6,11,27.16,10,52177721
1800,1,2,21,2.05,10,50470912
1311,4,5,4,18.88,9,37482345
2981,1,2,15,17.9,9,82649893
2822,6,6,2,19.16,1,80895178
2732,7,5,22,28.19,8,75536843
3209,1,6,10,29.09,3,89109846
2470,5,6,25,7.03,7,69126106
2669,2,2,16,21.43,3,74353551
3978,2,4,6,23.98,7,111061521
518,5,5,22,15.19,6,13747884
3513,7,2,16,21.13,3,98671388
747,1,4,13,1.17,7,19837238
505,2,1,27,13.42,9,13181227
2169,5,4,24,12.91,1,59550939
2362,4,4,14,23.03,4,65101639
3729,3,2,19,8.89,1,102909557
1924,6,6,0,27.63,2,54147089
1438,1,2,2,21.32,2,39102453
1770,6,4,24,22.17,7,48367769
1442,1,1,18,28.07,1,36552280
3640,2,2,5,15.66,6,102003817
738,5,3,24,15.39,3,20220230
2650,3,4,7,0.86,2,75153251
2241,3,2,12,3.07,2,62415416
1974,3,3,10,23.86,8,54977835
1408,2,1,7,18.35,10,40422150
3370,4,2,16,22.5,4,92728121
1612,3,5,13,13.3,4,45737033
591,4,5,26,5.18,10,16515525
1519,5,6,5,3.76,4,45362444
2987,2,4,23,28.03,1,80660693
3588,2,5,20,22.27,6,99126424
994,4,3,28,4.75,7,26290355
1904,4,6,7,8.97,9,54761611
1145,2,1,12,5.64,10,32886490
604,5,5,2,9.93,9,20704284
1105,1,1,15,18.75,3,29647884
2621,1,4,19,12.84,9,73013276
1195,6,5,25,25.13,5,32146317
2843,7,4,14,2.24,8,81612330
1730,3,4,29,1.52,8,48998665
1466,4,1,10,23.74,8,40686123
1714,3,6,6,25.22,9,47718152
1910,3,2,0,19.81,3,53439842
3097,7,1,6,7.29,2,88065128
842,1,1,13,18.18,4,22367989
1765,4,3,28,3.05,4,49011439
1314,5,4,28,15.9,1,35807244
1789,4,4,2,13.67,2,51588078
3223,6,1,10,2.72,3,91080078
1416,7,3,20,22.69,1,38288543
2391,1,4,29,27.8,6,64005336
2441,1,3,15,4.32,10,69304502
3770,7,6,12,26.19,6,105098581
1396,2,2,5,2.41,10,39692834
712,3,6,7,21.8,5,20445804
1045,3,6,19,25.19,1,27354001
2057,5,4,29,15.6,4,57163157
2358,2,5,11,24.41,9,65595156
2815,4,3,15,28.06,6,76429518
2851,4,4,3,16.74,9,81312751
3711,2,1,13,18.14,9,102310657
3608,4,1,1,27.72,8,100689613
3004,2,5,8,8.85,4,84511376
2289,4,3,2,21.78,10,64647125
3259,2,3,22,21.49,7,89110955
1321,3,6,10,20.13,4,37258123
3323,2,1,4,20.06,8,91491414
905,3,5,24,7.79,8,25273401
2674,2,2,12,26.96,2,72670078
1799,5,3,4,18.84,3,49689368
3873,7,2,22,10.19,4,107467650
934,3,3,16,6.24,7,26153497
2775,6,1,1,21.93,3,78113666
3442,1,5,24,1.07,6,95157356
3397,3,1,18,16.16,9,94560634
2069,2,1,23,6.56,6,56482611
3324,1,2,0,27.48,3,91513682
3432,5,3,27,21.65,8,94510929
1219,5,3,16,13.68,2,32590486
2494,1,4,3,18.51,3,69533986
2310,2,6,23,14.78,1,63454875
3535,4,2,19,2.5,6,99640354
2991,6,3,21,12.96,6,83234301
2510,7,6,18,18.7,1,70058646
2651,2,5,27,15.45,4,71376596
3132,6,6,23,28.44,4,86004816
1409,3,1,10,11.44,10,40072375
1676,1,3,25,16.21,2,45071276
3840,6,4,26,11.56,5,106414371
2213,2,5,9,26.59,2,61444304
3798,7,4,9,27.47,4,104927564
2743,3,3,11,14.47,8,77488936
1648,3,3,18,6.06,9,45594169
1108,7,1,29,13.59,10,29533076
1230,7,6,10,24.25,6,34274432
837,6,2,9,11.42,1,24211364
2239,2,1,5,27.48,8,62487209
2677,6,6,7,24.21,2,75598002
2329,2,4,16,4.4,4,65017678
1305,3,4,22,16.23,10,34617735
1450,1,6,16,26.18,10,39632516
996,6,6,21,28.07,8,27030531
1469,1,1,20,3.85,1,40336867
3407,3,3,13,3.52,6,96519370
1223,4,4,27,15.01,5,32819202
3750,4,3,26,15.79,10,104480115
3400,5,5,21,8.04,5,95029904
3766,2,4,17,27.08,8,104692872
3683,2,5,18,7.1,5,102305852
2684,4,6,25,21.17,3,73561121
2286,2,3,0,22.76,9,63201524
3656,5,2,27,1.39,6,103308958
3885,3,6,10,1.96,5,109148721
1907,5,6,11,18.54,10,53602142
1444,6,4,29,3.74,3,41468066
1982,2,4,6,5.66,5,56229282
3732,1,5,3,25.79,4,104518807
754,1,5,15,14.06,8,21616812
3438,6,1,9,11.93,2,96609725
3297,6,1,11,27.93,3,91439844
1334,2,3,17,13.52,8,37181612
1437,1,6,9,6.68,3,40277135
3600,4,4,1,13.29,2,101340880
2217,3,3,5,14.9,6,62970325
2627,3,1,1,24.61,2,71827810
1512,7,5,6,24.91,1,42239976
2977,1,2,29,6.47,7,81208052
2138,1,3,10,13.41,9,59495952
2877,3,4,5,28.25,9,79731361
3421,2,2,10,6.61,1,96228374
1565,3,3,12,6.39,4,44321971
792,5,3,6,12.73,10,23375338
924,7,6,22,27.61,9,24554147
3328,5,5,25,9.91,5,92957841
1878,2,5,8,16.57,2,52288059
3224,2,4,13,7.07,6,90620424
2378,1,3,27,4.83,8,65221752
1209,4,6,8,10.14,1,34998652
2607,6,6,20,13.97,8,73723028
1859,2,4,12,22.61,7,50057599
3703,1,5,7,13.0,9,103630338
2713,2,5,25,23.85,10,72897695
3942,5,5,28,27.66,3,107543564
1610,5,4,11,3.26,5,46986259
2562,5,1,18,21.25,5,71250423
1496,3,2,15,8.24,2,41770720
3207,6,2,6,11.47,3,91686377
2726,1,6,6,3.22,6,76651934
2912,1,1,4,18.18,2,80857119
2841,7,2,25,25.75,8,77978529
3885,7,3,22,10.03,4,108133590
3042,5,4,27,21.21,9,82869489
843,6,3,16,24.51,1,22822945
2105,2,2,18,13.04,1,57296337
2252,3,5,12,9.02,9,64110869
3839,3,2,21,4.38,6,107338267
2062,5,3,28,27.84,5,54098691
2025,1,5,16,9.89,2,55263723
1814,5,4,22,20.28,9,49945825
3140,6,3,28,14.73,2,85648227
2333,6,6,14,25.41,6,66205704
2326,3,3,9,10.18,4,65422539
3507,7,4,0,25.45,4,100093197
2534,5,2,29,27.4,9,69589451
3390,6,4,18,25.33,6,93449311
3384,7,2,17,10.12,10,94502784
3767,4,5,10,9.39,2,105398424
3164,3,1,17,13.11,8,87660322
2683,4,6,26,23.62,8,72725259
734,1,1,8,19.71,6,18864299
3374,6,6,4,7.99,3,95988792
1124,5,2,3,14.26,8,31775009
2806,3,4,23,7.51,6,77398041
3355,6,1,25,24.42,8,91900575
1452,4,5,11,26.09,4,40361742
2366,4,6,9,10.65,6,67381353
3644,7,4,10,28.64,9,102805443
2385,5,3,6,15.5,7,68197079
1125,2,2,0,12.21,4,32144265
2507,4,5,11,1.6,5,71307606
2056,1,1,21,10.34,9,56194019
2160,7,6,23,25.73,4,60269314
2001,3,3,22,21.71,7,54520950
3437,2,5,8,27.9,8,95132841
2067,6,4,14,1.41,10,59446845
3940,4,5,7,23.81,10,110371737
2085,7,3,18,16.25,2,57710214
3940,7,4,0,28.34,1,110702598
734,4,4,9,22.78,4,19702227
3722,1,6,0,15.76,5,104383830
3218,3,1,10,19.79,1,88064521
614,4,4,28,28.89,10,14668264
2356,3,6,8,3.06,2,66575869
2710,7,3,23,6.55,8,75427260
584,3,3,12,12.7,9,16897193
1603,6,3,28,9.5,7,44704618
3976,3,4,26,16.93,8,109904789
901,7,2,19,18.24,1,24497458
3966,5,3,11,20.51,3,110912554
2548,5,6,5,0.79,10,75060955
3444,2,5,6,26.07,10,96505666
2774,2,6,28,6.14,8,77213011
1643,1,3,12,3.09,8,45369236
1642,4,4,12,24.41,8,45595840
2704,5,4,4,7.05,2,77373184
2973,5,4,28,8.52,3,81460385
1353,2,4,9,9.88,2,37433424
1498,4,5,13,7.16,4,41826785
3745,5,3,9,20.73,5,105559409
1968,4,2,7,5.78,5,55163251
2762,4,1,18,26.22,4,75742877
3659,4,1,6,16.67,10,104287064
2000,7,1,3,23.26,7,56323087
2791,1,5,25,27.36,9,75512459
1900,4,5,26,27.4,5,51538881
1535,1,6,29,18.51,2,40847692
2409,7,4,18,21.35,4,66725589
2954,5,2,28,8.07,6,82114377
1424,4,2,6,10.43,3,40570344
2456,3,3,29,15.22,2,66912229
1334,4,1,18,10.64,5,35915036
593,7,6,10,14.77,4,16854901
3931,5,1,5,13.67,7,111111110
810,1,5,1,14.49,3,23501580
1182,4,6,3,12.45,6,33439475
3964,4,6,3,6.53,3,112595833
590,1,6,17,21.42,8,16604719
645,4,3,4,7.12,2,19619615
644,5,1,14,5.6,4,18255197
2107,3,3,28,7.23,1,57471685
2154,2,3,0,16.38,5,62440521
1580,7,2,27,1.38,7,44746850
745,2,1,12,19.97,4,18760858
3314,6,1,25,9.48,9,93213386
674,4,5,6,9.2,4,20046498
1591,6,2,28,19.99,3,41421484
3812,7,1,28,23.45,7,104501337
3490,3,2,15,4.46,9,97701657
1296,6,2,6,19.71,6,36850275
2208,5,4,13,0.92,9,63584857
2840,4,5,1,29.79,5,78978865
1555,5,3,20,6.72,8,43695074
3876,7,5,22,12.71,1,107856151
3100,2,3,22,13.57,5,84582976
1134,6,3,3,9.51,3,34148829
1417,1,1,3,25.48,6,39503016
1711,5,2,24,29.82,8,45797970
2803,1,2,16,5.53,10,78123178
2868,6,2,18,3.95,8,80156438
3600,1,1,28,7.58,3,99127888
3579,2,1,22,11.38,2,98892614
1055,7,4,0,0.51,2,30569488
3918,3,5,7,11.34,2,110256331
2681,3,5,12,17.43,1,73663275
3904,4,3,9,5.97,9,109889195
1737,4,6,25,8.61,7,48745770
3149,5,2,25,13.11,6,87046057
2216,5,2,22,13.59,8,61948391
3557,7,3,18,17.06,2,99040659
2637,6,6,4,4.35,3,75932302
1514,7,3,26,16.7,6,42376655
3950,5,5,14,20.93,1,109091673
3593,5,3,15,29.99,1,98589291
1114,4,3,4,15.25,1,31303156
2655,5,3,10,28.71,9,74073710
1900,4,6,15,13.51,1,52729930
665,5,3,23,26.86,3,15320606
2317,2,2,13,21.9,2,62771741
3954,5,1,14,11.24,8,110029308
3128,5,5,28,2.16,3,86586843
913,4,4,12,9.24,6,27187370
1674,6,3,24,3.3,2,47172817
2580,7,1,29,11.9,2,69809079
1331,7,5,20,22.73,10,37468428
1994,4,6,13,16.55,9,56188597
2262,4,5,17,16.62,2,62700886
2558,1,2,8,23.93,3,69643951
3905,3,5,7,24.5,10,109836727
3223,4,3,1,23.09,8,92355398
3477,7,6,3,22.29,1,98409680
2074,7,4,8,11.73,9,59545380
1883,6,3,0,9.28,6,55896063
3172,2,3,0,15.81,9,90854178
2488,5,3,16,5.9,3,68926626
2443,3,5,2,2.54,2,69317112
3060,3,3,21,5.84,9,86131088
582,2,4,16,20.42,1,14024216
2493,3,2,3,27.7,5,69296289
2298,1,4,17,19.94,7,62967296
3830,2,2,1,21.73,4,106196609
514,2,6,1,2.76,3,16145121
2210,7,4,11,10.9,3,61969364
822,5,4,7,19.07,7,24216308
1811,2,6,7,14.69,2,50652356
3452,2,5,25,9.69,1,94232712
3649,6,5,25,28.03,10,101668269
2000,5,2,9,7.5,3,56441554
3741,3,2,9,20.48,8,104407261
654,5,4,17,14.42,7,18853459
3163,7,2,16,29.04,5,88296806
2310,1,3,9,0.56,7,65971846
3912,6,3,12,20.24,2,109327849
1035,6,5,24,25.47,9,28496298
3920,5,5,26,23.41,7,108357356
3439,5,2,2,1.43,10,98100286
2337,5,5,18,9.97,6,66249135
3413,2,6,15,14.78,8,94811924
2484,2,2,21,12.84,3,66815986
2139,3,4,12,6.97,3,60514704
1326,4,1,24,1.73,10,36945385
2328,6,4,10,17.91,4,64306442
1054,1,1,3,28.67,6,28075088
1571,6,1,3,15.78,6,44560039
3402,2,6,7,8.88,9,97984632
1951,5,5,18,5.36,10,56099862
3445,2,3,15,28.4,8,95099921
2120,4,2,6,26.78,10,59296114
3772,1,5,10,2.98,10,106834423
1867,6,4,20,24.81,8,51957097
3234,7,6,0,21.17,8,91817333
2343,6,3,12,9.64,3,65295139
2929,4,3,24,16.3,4,78824860
2839,2,2,6,10.85,3,78938260
1730,3,3,9,11.19,8,49346159
2698,1,3,6,16.54,6,75250956
1128,1,6,14,24.43,7,30781384
3149,4,1,24,9.86,10,87206568
3689,1,6,9,4.04,7,104854693
2225,5,1,6,27.02,1,60583664
1293,2,5,22,9.52,9,35915246
1042,4,5,26,6.77,3,27093167
1630,7,4,19,25.33,4,44562753
3136,2,3,29,14.07,5,86143981
2529,1,5,10,25.25,1,68902688
2394,2,4,5,29.66,6,66499254
1261,4,3,25,5.38,9,35259003
748,4,1,25,21.74,2,17376219
943,2,1,21,11.97,7,25822024
3148,5,4,5,12.24,2,87708314
3914,4,1,6,11.29,10,110171177
655,6,1,0,15.65,3,18673659
3958,3,1,5,22.36,1,110451526
1318,4,4,8,5.14,2,37553233
902,7,6,15,12.37,9,27299652
2399,6,1,12,6.57,4,67852096
3033,1,2,23,4.7,1,82848346
1029,6,6,18,2.48,6,30045363
552,7,5,3,27.66,5,16276424
2040,1,1,16,10.9,4,55101767
1745,7,6,8,14.98,6,50672233
3391,1,2,29,6.62,5,92915601
1113,2,4,4,14.26,3,30891460
1266,2,6,29,0.64,3,34374100
723,1,5,14,16.82,4,17606058
2094,6,2,9,8.48,10,60080776
3063,4,5,26,12.55,2,85010167
1426,7,4,28,4.0,1,39004932
1772,3,6,4,21.81,7,50853968
3634,7,6,26,1.72,5,102292570
3572,4,1,20,2.07,6,100281135
3038,2,1,28,26.25,2,80683863
3936,3,5,5,19.75,4,109902126
620,2,6,20,12.88,8,17110723
2627,3,6,8,20.53,3,73034393
1968,3,4,0,15.1,9,55891109
2648,5,3,25,9.46,3,72187238
544,6,1,28,4.29,5,13227925
2177,6,6,26,12.35,5,59967368
3688,7,4,18,23.51,4,101691843
3115,5,4,12,3.95,5,88254401
2542,6,6,6,2.34,8,74562036
980,1,3,9,25.67,7,26361938
831,2,2,1,18.56,1,22582516
735,4,6,6,5.06,8,22466566
1717,7,5,4,9.02,5,49266013
2900,4,6,23,26.09,9,79357932
1243,2,2,17,10.99,5,33007243
890,6,1,12,25.03,1,22989337
3876,4,4,17,17.91,9,106947423
2935,6,4,20,4.2,9,83583453
3482,2,6,7,8.23,9,98841310
1067,1,4,0,12.23,1,30909428
1490,4,5,8,6.06,1,43063259
3791,2,1,25,27.1,9,104056444
3164,7,4,29,25.45,2,85557833
3858,5,6,7,23.95,3,108666022
1294,3,5,26,28.28,5,33340232
3874,1,2,17,11.27,10,107397095
3627,6,5,9,2.98,6,103830173
1322,5,1,10,26.5,7,36167082
999,3,4,25,24.84,6,26036455
3342,5,1,12,9.4,2,93105688
3663,2,2,1,7.79,4,104559193
2483,5,2,16,25.81,2,66702231
2486,5,1,2,10.13,6,70319762
2185,3,3,14,4.73,4,61470364
736,1,1,13,8.44,8,20164079
2238,4,5,24,21.78,7,61801462
3925,4,3,25,20.1,5,107948065
3609,2,6,13,6.1,3,100960070
3360,5,3,1,5.05,3,95782234
1189,1,5,8,13.31,3,33622909
2246,2,3,13,13.01,2,62257493
2849,6,4,11,1.77,3,80019562
3397,1,5,18,3.26,10,95356701
3883,1,2,19,24.91,5,106712719
3042,5,1,18,14.1,5,83263774
3333,2,4,19,0.54,2,92039988
3798,4,2,2,23.39,5,106263473
1468,4,3,21,17.58,9,39605857
3434,7,4,4,20.88,7,97918876
2113,2,4,28,22.68,5,56999102
3634,2,5,13,4.61,10,103025713
2617,4,6,14,14.34,3,73578656
906,4,2,24,7.39,8,24231192
1052,1,2,2,14.52,1,28622335
3367,6,4,28,5.52,8,94818649
3125,7,2,16,26.83,5,86109942
1441,1,2,9,25.03,9,38595087
3497,5,4,8,17.97,7,98777202
2580,6,4,1,16.99,9,74936953
1704,7,4,23,28.67,9,47535097
871,5,5,28,20.44,10,25200695
1400,2,5,28,12.91,3,37334294
3601,7,6,12,9.79,10,102737666
576,4,2,11,19.28,4,15833469
3928,4,5,16,20.63,5,109430054
3572,3,5,13,24.76,1,98555551
3801,6,4,14,28.92,4,105316170
1526,1,6,22,20.63,6,41161840
2339,2,3,13,26.54,2,63567111
3913,6,5,7,13.5,9,111359376
2314,7,5,29,22.92,4,63689380
2877,1,3,29,3.22,2,77319902
1490,3,4,22,24.56,7,40355484
2378,1,4,19,3.78,4,65801816
619,4,4,6,4.96,4,18577374
937,6,1,18,17.54,5,26793566
3487,3,1,6,15.01,1,97414888
1576,3,5,22,19.18,2,41679915
3326,4,5,4,4.56,4,95392415
1660,1,6,13,23.34,4,45417669
2367,3,3,21,12.52,4,64569016
2155,1,2,23,23.38,4,57914410
2843,4,3,10,28.66,8,78952079
823,7,6,29,4.72,9,23895350
1127,1,2,28,6.64,8,30563403
1339,4,6,5,26.07,9,38895153
1124,4,4,12,9.05,1,30494149
3332,3,5,16,10.46,8,92938719
3130,1,5,0,11.91,7,87788098
1275,6,4,2,2.76,6,37784732
1857,7,2,14,9.27,1,51830604
3588,7,6,8,5.79,5,102942647
1264,4,3,7,24.71,5,35005000
3574,7,5,24,18.64,7,99203330
1883,2,3,8,2.78,1,52178080
2168,1,4,24,26.15,1,57802067
3510,4,6,11,19.18,6,98592003
1553,2,1,14,9.32,6,43461384
1753,5,2,23,15.16,10,48612618
2881,6,6,18,27.81,9,79750162
2739,7,6,2,1.6,5,80000120
3340,7,4,29,7.58,6,93237453
3764,7,3,20,2.77,6,106257979
2391,4,5,24,27.98,2,64364092
1631,2,6,23,9.6,1,44276405
739,3,3,28,25.54,10,19111656
718,7,4,16,11.44,2,20111443
2257,1,1,22,24.14,8,60835748
3267,3,1,6,12.62,2,90578647
3192,6,6,26,13.2,5,87552107
649,5,5,11,14.24,9,18645506
3810,2,5,20,16.81,6,105726902
3215,5,4,27,14.65,4,88864260
1952,7,6,19,8.15,2,55607273
1900,3,5,22,3.0,9,53002467
1982,3,1,18,2.32,5,54669672
2959,3,4,1,19.74,4,83971920
1972,4,5,8,26.81,7,54362940
2633,3,6,25,26.61,4,71797456
1293,7,2,17,18.06,8,37021022
3425,1,6,13,29.61,10,95326918
1463,6,6,27,17.24,10,39915366
505,2,1,9,18.77,10,13491067
3444,6,2,17,27.95,8,95085199
2209,5,3,1,19.15,1,62639697
773,1,3,8,6.3,6,22308358
2366,7,4,14,19.32,2,66749100
2187,2,1,21,9.69,3,59469407
3035,5,6,12,23.44,10,85745780
1206,4,4,12,16.48,1,32616683
3527,1,5,9,28.14,9,98446123
1482,7,1,9,21.91,7,41648634
1344,1,6,4,19.36,10,39113527
3624,3,6,28,4.78,4,99764759
2235,3,6,3,29.6,7,63599863
3024,6,6,18,5.94,6,86030269
2137,5,5,16,24.0,6,58056295
2107,5,3,29,25.84,8,57259023
2799,5,2,10,7.11,8,79685462
2982,5,4,17,2.79,4,82955294
1712,2,6,9,2.65,6,48711151
3293,4,1,19,6.24,8,91250365
2839,3,6,4,5.57,5,81313848
3924,5,4,25,4.89,6,110439745
3174,1,1,18,27.92,7,85971219
3853,5,1,10,2.45,4,108827138
3741,5,6,3,9.64,9,106607916
1224,7,5,0,5.45,9,37302215
2343,6,2,8,23.92,6,65999560
1785,6,4,5,2.68,10,51443499
3315,4,2,3,15.68,2,93293150
3991,4,4,9,17.41,5,111157175
1091,7,1,3,9.94,8,32810609
2844,1,6,9,9.43,10,81248097
3832,6,6,29,24.65,8,105406107
3983,7,2,5,19.25,4,112728332
1020,6,1,0,27.26,7,29202651
2613,1,4,9,0.5,2,74110985
3080,2,1,5,1.91,3,86287229
2806,7,1,3,2.07,5,80615149
3234,3,4,9,26.19,3,90240088
991,6,4,7,20.24,8,28384137
577,2,6,6,9.79,6,16646320
1276,2,2,29,14.96,7,33119866
3977,3,1,7,10.16,5,111709422
3711,2,5,9,7.05,7,105554007
564,5,6,15,19.89,5,15487917
510,6,5,10,12.43,3,15068599
1373,6,3,6,21.99,7,39254074
3180,6,3,24,13.21,9,89629874
3429,2,1,16,25.2,2,93417850
2965,5,3,15,28.78,4,81236363
531,2,2,27,25.98,7,11149566
1407,7,1,7,13.07,3,38592510
3603,6,1,1,28.38,4,100536553
1496,6,1,10,15.82,10,42663915
3349,6,6,14,18.9,2,93311747
2813,1,2,21,2.17,4,77165118
3281,1,4,12,27.16,8,89577538
3394,6,3,4,21.13,9,96353757
566,6,5,29,23.72,4,14409580
2751,1,6,10,3.01,5,77826019
2538,7,6,13,4.56,2,72708011
1645,4,1,10,2.56,9,47023771
3893,2,2,9,21.97,3,108575991
982,6,6,1,25.78,6,29927001
1203,3,2,8,19.34,9,33924465
1605,2,3,28,21.03,5,41429848
633,7,1,2,25.03,9,18322822
2991,7,4,9,27.95,8,84440079
2202,2,3,19,12.36,4,60589626
2387,2,5,4,14.83,7,67836539
550,1,5,12,3.84,5,15538152
3714,1,3,6,13.8,4,104127942
3692,3,1,3,10.97,4,103764728
1924,2,5,27,4.2,4,52283450
1380,2,4,11,4.45,2,39572799
3321,1,5,20,6.48,3,92369135
3429,5,4,23,14.21,7,95511000
3995,2,4,26,20.59,5,109687718
2672,6,4,21,8.65,9,75090916
2672,7,2,27,24.59,3,70914041
2570,1,2,17,19.53,8,70353206
888,7,1,8,19.8,2,24345791
3797,6,3,5,23.48,2,106962505
2395,2,4,4,10.2,6,67971513
3111,5,6,1,29.22,2,87334561
3924,2,6,10,2.44,6,110709165
2213,1,1,27,0.62,2,59210436
1406,3,5,21,19.6,3,38312473
3588,4,1,5,26.7,6,99491092
1949,4,1,8,11.1,6,54289689
980,2,2,1,18.8,4,27854793
1899,5,3,29,26.24,5,51024082
3175,1,6,20,13.6,6,88325383
1823,4,2,6,16.47,6,49795360
1966,5,4,22,27.42,7,54168034
3207,5,2,29,26.51,6,88219192
3334,7,2,21,11.19,7,92652171
1440,3,3,8,4.52,7,40607959
3270,2,3,11,13.8,10,91474437
1965,2,6,1,12.33,9,57030662
1524,6,4,10,24.87,7,43598185
3565,1,2,25,7.63,7,99428848
2048,5,4,27,16.22,8,56020276
1569,4,5,9,23.17,9,43840789
777,6,2,14,29.94,10,20845272
1284,1,4,17,15.75,1,34101120
674,1,1,14,12.53,4,17358361
1999,7,3,8,13.62,5,56937958
966,1,2,22,16.46,7,25476546
1795,4,3,6,24.94,1,47887906
1886,1,6,9,6.96,5,53532357
3822,6,3,26,29.3,3,105052450
2512,3,2,13,25.72,7,69033406
1927,7,3,1,6.03,9,57489717
2238,4,3,22,1.92,5,62713434
3555,5,5,6,1.29,8,102975252
1513,4,2,1,27.04,10,42513604
2464,2,4,29,0.59,8,68776769
1101,2,5,22,7.24,8,30937906
2356,5,3,10,20.52,4,65455586
3148,5,6,21,28.83,9,86834919
1051,2,1,17,3.46,3,28881144
2212,1,3,13,15.11,8,60790744
3522,4,2,8,20.85,9,99210338
3993,4,3,29,21.62,9,110369403
2158,3,6,23,11.42,6,60647033
3611,1,2,19,15.9,1,98676287
2434,2,1,11,26.22,10,66809727
2063,1,5,17,30.0,7,55605236
935,6,2,9,15.1,3,26571497
1253,1,5,15,22.41,10,34868356
3318,3,3,2,20.37,4,92592397
3050,7,3,24,16.69,2,82500924
2757,5,5,9,14.75,2,78485849
1196,3,2,4,24.71,8,32876393
1141,5,5,5,20.15,10,33765431
3042,5,5,29,23.9,9,82670198
742,2,5,17,18.85,1,18642031
3602,7,1,13,2.19,4,101581140
829,6,5,15,12.75,2,22744047
1739,7,4,25,12.44,3,48246845
3300,5,6,15,1.56,1,93659828
3384,4,4,18,20.96,1,93409399
2849,6,2,16,23.84,10,79785761
3160,1,5,7,16.54,5,89333652
2450,6,6,9,21.59,10,69601056
580,4,4,6,10.29,4,17787836
1593,5,6,5,21.59,8,46484917
2216,3,5,1,15.86,7,62731365
1179,3,3,5,1.79,7,33802491
2273,7,3,23,21.59,9,63574474
1973,3,2,3,16.77,9,56394890
2766,1,2,10,15.08,4,75416720
2900,5,3,19,9.76,7,81666383
1315,2,2,1,27.88,3,35613104
2163,2,5,16,8.93,10,61115762
1819,3,6,23,16.24,2,49334501
3455,4,4,3,3.28,1,96718043
3413,3,5,22,4.7,9,95953110
3353,4,6,23,6.75,3,93276547
810,1,1,4,26.29,10,21955959
2124,2,3,7,8.69,7,60446684
1422,6,5,28,26.98,10,39552921
3528,1,6,16,14.94,5,97786968
2452,7,6,2,14.93,7,70757488
1946,4,3,25,7.21,3,52307358
3693,3,3,13,11.17,3,102331903
3879,6,1,19,8.32,7,108523881
1350,6,4,10,21.1,7,38884103
612,5,2,22,10.91,1,16720592
3189,5,3,10,28.46,8,90256474
3390,2,3,21,1.69,2,94212676
3571,6,4,15,0.67,5,100626613
2750,5,6,12,15.78,7,77658267
1060,1,2,24,23.21,3,27068305
3932,5,4,19,4.18,8,111249586
1526,3,3,26,17.58,5,40449388
1499,7,5,7,26.27,2,42181359
659,5,6,4,21.47,9,20713349
2981,2,3,18,28.02,5,81244506
2051,1,1,8,13.32,9,56147934
1185,3,5,3,13.0,1,34576505
3309,6,5,2,4.34,1,94777048
1402,5,5,1,7.02,6,41972008
2029,1,4,26,26.32,2,53220401
2120,2,3,19,19.46,7,57919262
3210,7,3,7,23.25,1,89557694
2428,4,1,2,6.22,4,69528808
3461,6,6,26,9.28,2,95806936
3091,4,6,23,2.31,7,86841755
1979,2,5,2,15.19,5,56677157
3870,2,5,19,5.47,9,109141455
2365,4,1,21,11.82,3,64627836
2383,7,4,4,18.04,3,67753773
3929,3,5,12,27.49,8,108985594
3569,3,3,9,26.62,10,98783853
2451,7,5,25,19.48,1,67750008
2862,6,5,4,1.37,2,81102599
922,6,1,1,23.26,10,26159799
1701,6,5,6,15.33,9,49475157
3298,1,5,8,11.31,6,93494976
2932,1,1,15,27.45,5,79611825
1299,1,4,16,11.04,3,35733861
1291,3,5,21,24.5,5,34453145
1531,3,6,12,24.19,6,42849945
1780,6,3,22,11.96,10,49355380
1839,4,1,2,17.55,7,51838831
1682,4,3,17,21.03,2,45356429
983,3,5,15,10.24,1,25721936
2798,5,1,26,11.66,1,75887359
1444,1,1,5,21.69,7,40490168
904,5,5,16,20.67,5,24747522
2740,3,6,24,22.2,1,74048951
3375,3,2,14,11.85,6,94987587
2268,1,5,11,7.51,6,63251244
698,5,1,24,12.67,9,17968296
2710,7,4,28,29.32,8,74378996
2404,6,2,0,17.14,6,68367919
2213,2,5,27,20.83,4,58823862
3137,7,4,5,8.97,10,90762013
2913,7,5,21,24.02,2,80193636
1770,5,2,28,27.33,10,48418925
1552,4,2,13,26.24,5,41795090
2424,7,3,8,11.15,10,69841451
1517,5,5,11,6.94,4,42899076
3762,7,5,9,18.23,4,105302844
803,1,2,24,17.52,5,19980929
648,6,5,2,5.58,3,19255744
3867,7,4,18,0.95,9,110635180
1482,1,6,20,27.2,6,38935792
1862,2,2,16,24.68,1,49998702
2003,6,6,20,13.22,1,55811486
2635,4,3,16,2.93,6,73423137
3074,2,6,17,16.2,6,85812445
1669,3,5,7,13.43,6,48396117
635,3,3,16,19.98,4,16403022
2865,3,5,16,8.66,4,79362010
2875,6,6,16,10.78,6,82348860
1766,7,4,26,19.6,10,49183890
2583,1,5,23,22.1,5,70581654
1892,7,5,22,7.03,10,54390846
2996,3,6,12,12.2,5,83533835
2953,2,2,8,23.28,3,80571631
2385,2,2,19,18.71,2,65242704
1682,4,2,2,4.92,3,47947536
1597,1,2,0,10.5,3,44992803
1197,6,1,4,20.72,10,34053086
2081,1,6,2,1.82,5,59608201
2476,5,1,11,27.96,9,69183746
1380,7,4,24,22.69,1,38185605
637,3,2,26,10.23,1,15343252
1141,5,6,29,3.05,10,32399007
3464,6,5,26,24.93,10,96965626
2564,1,4,17,3.29,6,71501261
1155,2,2,9,18.2,9,33141542
994,2,1,25,24.03,7,25409578
3790,4,1,8,2.12,5,107459458
3181,1,4,14,25.43,3,86707158
1559,2,3,17,0.86,3,41680290
3510,4,2,8,29.17,2,96991049
1543,3,4,2,15.37,7,43346225
1593,7,3,19,18.31,8,44937781
2004,5,1,29,25.89,3,52601195
2268,3,1,4,29.61,8,62582796
1555,5,5,17,5.42,7,43536583
2250,6,2,3,2.56,5,65301881
3379,6,6,27,26.5,6,92211692
1460,2,5,7,7.99,2,41549616
1545,4,3,24,15.19,9,42722880
2291,7,3,21,24.09,6,63308759
2549,3,6,12,24.56,3,71386166
2118,7,5,11,16.57,7,60456565
663,7,6,16,29.79,8,18904967
638,6,2,19,28.33,3,15236506
2262,3,1,27,7.05,6,61443430
1134,7,5,15,26.85,3,32027596
3578,2,4,6,16.73,10,101599325
1790,7,2,11,5.83,7,52215965
3746,4,3,16,12.34,3,104279971
1325,5,1,5,10.73,8,37643494
3177,7,5,2,25.94,10,90319074
1378,4,5,13,26.74,7,38196301
2434,1,3,28,7.6,4,66292147
1019,6,1,0,11.27,9,30955533
819,6,5,18,1.32,4,24204165
2769,3,5,26,1.4,8,76705757
1426,2,5,20,9.52,3,38164739
606,7,3,28,4.03,1,16658198
3745,2,1,8,26.12,1,103361864
2380,2,3,8,29.7,1,65202619
3616,1,1,8,9.87,4,100018649
3260,4,2,29,2.2,8,92475138
3500,3,1,6,7.09,6,99011684
1741,7,1,26,20.57,6,46472778
1043,3,6,26,10.66,7,28189170
2333,6,3,11,19.5,4,64549518
1374,1,1,0,10.9,9,39491064
588,1,1,26,11.0,6,13606149
3117,2,4,17,7.73,4,86853850
3543,4,6,26,25.7,9,97638305
835,1,5,21,10.11,1,21792326
2046,4,6,15,2.46,1,57699693
3989,3,4,0,20.51,1,111319019
3646,3,3,3,20.06,1,102137668
2782,3,3,17,9.15,7,77809787
2852,5,1,15,26.49,8,79001914
975,2,3,6,1.76,5,28741878
2336,7,4,11,29.36,10,66459737
549,7,6,12,16.11,10,16690157
1553,1,3,7,2.48,7,43496885
2323,7,3,13,10.35,9,65376900
3580,2,1,28,20.45,10,97353608
1778,1,1,15,27.13,8,47684807
1503,5,6,8,16.99,10,43853941
2148,5,3,11,25.7,5,58921580
1980,5,1,16,18.88,9,55561122
2123,6,1,14,8.47,4,58820437
3827,4,5,10,0.97,9,110031200
1816,6,2,0,17.96,6,51691477
936,5,1,29,14.96,2,23889312
1924,1,2,9,14.21,9,52848926
2334,5,6,4,2.41,6,67301531
2496,4,1,21,18.49,2,67928087
1504,6,6,0,27.52,6,42703443
1351,4,6,8,20.39,5,39141196
3511,5,5,1,3.46,6,100051186
1856,2,4,22,14.97,9,51092128
730,6,1,20,24.04,1,18369917
3621,6,2,20,25.7,1,99556674
3045,2,6,26,9.44,4,83602250
1984,5,1,17,14.48,1,54350447
1961,6,2,2,19.83,8,55685389
918,6,6,12,8.03,10,27949858
3172,6,4,13,2.11,9,89929986
1209,7,4,6,25.23,9,34711562
2628,1,1,0,8.92,7,75324498
3223,3,6,22,14.31,6,88811869
2360,7,6,22,17.73,4,65097803
3086,5,6,22,0.85,10,87324805
2977,7,5,11,29.39,3,83665377
3333,7,5,9,6.35,6,95112545
2343,2,4,16,22.38,7,65338220
2972,7,2,13,25.87,6,82440279
3657,3,3,6,4.16,7,103553044
1208,2,1,14,20.39,2,31122611
1749,2,5,1,12.97,8,50200343
1203,5,1,20,9.16,5,33176416
3906,1,1,17,11.37,5,108059003
1271,6,2,12,18.67,3,33144694
1146,2,4,6,22.57,6,31739350
586,1,2,23,28.16,7,13799193
2001,7,3,12,9.34,7,56669790
2235,3,1,14,18.65,10,61934134
3893,7,1,23,15.83,2,107683995
1089,4,1,10,5.78,4,30360421
2473,3,5,12,11.55,3,69154526
3399,2,5,3,3.7,6,96659607
2650,7,5,23,16.16,1,73656639
3768,6,4,16,4.92,3,105231551
2605,2,5,17,9.02,7,72268442
2756,6,2,28,18.69,4,75103850
1560,1,6,19,2.88,1,42872836
3647,6,1,19,1.92,4,101352471
711,5,2,3,22.7,3,19826884
2236,3,4,5,26.38,1,61337562
2355,1,5,13,12.06,1,64919653
1366,3,4,19,16.29,9,38848493
2032,7,1,20,8.31,1,56827964
1859,2,3,1,20.29,3,51792185
2992,7,6,7,3.53,6,86469228
2140,2,5,28,8.27,7,59010999
2679,4,3,26,9.34,5,73935446
1009,1,1,29,8.33,10,26453309
1165,7,4,16,27.21,3,31085854
3024,6,6,16,27.44,1,82622642
3190,5,6,19,17.39,2,90236036
1173,6,4,18,2.76,8,32630279
2653,7,2,21,9.63,1,73365815
607,4,2,14,26.68,5,14951702
3794,4,2,8,17.1,5,106910191
3379,4,1,27,27.92,3,91475361
2378,5,4,17,9.96,1,66975865
1549,5,3,24,19.53,7,40835591
2792,5,5,0,5.72,10,81353695
1309,4,1,23,26.42,3,33530904
1759,1,6,21,29.03,2,46434490
891,4,4,28,19.36,7,23008972
1747,5,6,24,16.9,3,47677089
561,2,6,13,27.87,8,15710489
2622,3,6,3,7.49,3,73614909
2499,2,1,28,26.38,4,65778057
1070,2,1,17,2.7,3,28170594
2275,4,2,2,11.67,5,64711934
2067,1,4,11,21.02,3,57430908
1394,2,5,25,23.29,1,35032753
2189,3,3,5,11.63,7,62488391
1098,2,4,28,23.97,8,28342205
2890,3,4,28,18.61,1,78679824
1107,3,2,15,14.94,3,29268515
2130,3,5,24,9.9,2,58375407
3512,7,4,19,18.93,8,98606072
2219,5,6,12,29.75,9,62814185
2192,4,3,27,22.6,7,59871874
1048,5,1,5,2.88,2,30501978
771,2,5,9,5.08,9,22482820
2756,2,5,0,28.79,2,76160271
3745,2,2,18,8.79,2,103315907
3081,6,6,11,29.07,10,87181198
2294,6,4,20,6.87,9,64518133
3209,3,2,11,6.91,7,90182869
3601,3,4,1,29.18,2,99792254
3064,1,5,12,20.36,2,83907729
2914,4,5,27,27.0,10,80050416
2697,3,5,14,28.45,8,75301219
816,3,1,11,2.5,8,23167991
3361,2,5,6,6.35,4,94710594
549,3,2,17,4.64,7,14473475
3899,3,2,4,9.25,8,109847643
3464,1,6,10,5.87,8,97811810
1800,7,6,26,8.07,2,50541309
3394,6,5,17,10.41,1,95190476
822,1,2,6,4.95,1,22893569
547,1,2,19,10.48,3,13823245
1020,7,4,26,23.84,7,27576600
1083,2,5,13,21.05,9,30155382
1034,3,5,4,2.78,2,30323290
1690,4,5,1,8.73,1,49721915
1281,4,1,9,11.58,7,36123775
3329,2,4,14,28.18,8,91742663
2956,1,5,29,14.5,4,80887297
3330,3,1,21,15.8,10,91307561
3652,5,1,9,6.92,9,104239037
506,1,5,25,1.78,6,14133563
806,7,2,27,14.13,6,21293413
538,6,4,20,12.93,1,13720414
2412,6,3,20,25.89,8,64981292
3192,3,1,4,21.48,7,88483736
1315,7,3,9,14.5,6,37365913
994,1,1,14,1.48,9,28383508
3675,7,1,27,26.17,4,100303439
2604,1,2,10,7.06,5,71369475
1566,5,6,20,14.14,8,44641914
2743,3,6,6,16.2,9,77372727
831,5,4,9,16.72,7,24680611
1618,7,6,23,18.4,2,43514876
2968,4,1,8,26.07,9,82981887
1715,3,2,2,7.04,3,48028006
772,6,5,15,29.15,9,21325761
2417,6,1,27,13.37,1,65744098
3894,1,5,24,25.77,6,105968617
2622,5,2,26,21.49,5,71159938
2300,4,6,3,20.32,6,65050707
2017,1,1,14,6.19,5,55428665
668,6,5,2,26.09,7,19756838
1142,7,1,23,3.32,2,30486248
2719,2,1,25,9.77,7,74338055
3091,7,4,29,3.74,7,87414672
2617,6,3,8,8.92,7,75043895
1594,3,4,0,25.51,3,44616185
2620,6,5,7,25.65,3,73203424
3028,2,6,17,24.86,10,84684842
2930,7,6,0,5.28,8,85114048
1159,7,2,26,15.85,8,31045518
2779,4,1,28,19.77,7,74561492
2444,4,2,28,28.39,7,66333191
671,6,1,3,13.82,1,18699531
3289,1,6,4,18.21,1,92084252
1456,4,6,27,11.04,1,40408058
2633,7,6,23,25.14,10,73036026
3748,2,5,18,26.51,2,103337391
3112,6,1,18,28.37,8,85708164
879,6,5,23,28.06,5,23684972
1685,7,5,21,2.9,1,46294558
1233,7,3,3,22.14,6,36340666
1150,1,6,12,13.95,5,31813043
1454,1,1,8,27.59,6,38155278
3308,5,1,0,12.9,7,95867107
3149,7,5,23,3.43,4,88502092
3919,1,5,9,16.73,6,109096074
2760,5,3,8,2.94,4,78959689
3854,6,3,27,8.93,3,107691037
1290,7,6,28,29.57,9,35072277
1370,5,6,2,29.66,2,38806245
1617,1,4,0,21.35,2,44409233
2633,6,1,20,14.48,9,73042851
957,6,4,18,0.67,3,28598103
3407,2,3,28,10.24,3,93781770
822,3,1,8,8.92,8,24248854
1099,6,5,6,16.91,8,32199279
2610,3,3,8,16.4,3,72908115
1386,2,1,16,21.07,10,36538839
3007,6,4,4,20.98,8,85658552
1367,3,1,19,18.52,9,37309344
3042,6,4,2,19.69,3,85309824
2822,6,3,25,4.0,3,78045966
3347,4,3,24,2.14,1,93318666
3284,7,5,10,9.75,7,94387090
2627,3,3,12,19.74,10,72723277
1008,6,6,24,1.6,6,29106779
3936,4,5,4,20.25,4,110847582
1118,4,5,12,22.76,4,30149396
3480,4,1,7,25.02,7,96516283
3346,1,3,9,17.6,4,93011829
899,3,1,23,15.32,2,22759954
1919,4,4,4,11.4,8,54888516
2237,7,6,24,24.48,3,61326121
2071,5,2,26,25.67,1,54355568
1156,3,3,12,16.35,3,32160266
2853,6,6,6,24.0,3,80300833
1684,4,5,26,14.15,6,46075675
2176,2,6,22,24.28,1,58677790
1986,4,1,16,24.18,4,54352963
3251,2,5,25,27.05,2,87532971
2705,1,4,12,17.4,1,73823071
3223,2,6,7,28.07,5,90166028
3014,3,3,19,27.61,3,82441298
516,7,3,6,9.68,9,17460358
2977,1,3,22,5.96,9,82354612
3721,1,2,27,21.4,7,103016453
2407,7,5,15,12.35,2,67179274
1869,6,4,14,26.41,2,51600919
1686,3,6,25,0.8,7,47885630
3112,3,5,24,5.84,4,86765132
2238,4,4,20,4.72,10,63019749
3663,4,3,5,2.57,9,105212697
1645,5,5,19,1.29,10,47419378
1193,2,3,8,0.57,9,34887851
1546,5,4,9,3.06,5,44535279
3875,2,4,26,1.38,10,108290057
1008,7,4,21,12.79,7,28993835
591,1,3,23,15.35,9,15335885
1527,1,5,13,9.27,4,43479594
705,6,5,5,15.21,5,20480191
2509,4,5,20,3.24,1,70241601
2333,4,3,8,29.39,1,64236905
1980,2,6,19,8.33,7,55305703
1992,7,4,4,23.15,5,56522493
1682,3,3,26,9.34,9,45512661
2139,5,3,22,29.45,10,58105809
2824,4,1,3,6.83,7,80603208
3804,5,1,6,1.36,4,107858106
1860,5,2,23,10.25,8,51406569
2260,4,2,4,2.18,7,64606724
2893,5,1,2,29.97,9,82071108
2743,3,3,19,29.59,4,74224678
3017,1,4,17,7.93,8,84020053
633,1,2,18,2.08,3,18045578
1707,1,4,19,24.51,7,46398166
725,6,5,10,27.95,1,19047543
3708,6,5,12,28.45,6,103724954
721,1,3,22,26.14,4,16847169
1281,3,1,22,15.54,9,34713275
2787,4,6,1,5.71,1,79064499
3564,5,2,11,13.62,7,98711579
2018,3,3,20,5.28,7,56922213
2852,3,6,19,21.91,8,80068506
2587,7,4,19,19.73,10,72507441
3807,4,1,6,13.98,1,106351859
1828,4,6,19,23.8,10,50891939
2650,6,6,24,20.4,9,74829000
2065,1,6,12,5.44,2,57883644
3797,6,1,18,12.07,3,105651628
3072,3,5,6,21.02,8,86773746
3117,6,5,18,14.4,8,87821817
1180,6,4,2,24.41,10,33651673
2156,4,1,22,29.05,8,58170086
2431,6,4,14,29.37,1,66633741
3637,1,3,16,15.33,1,99089224
1097,2,6,6,12.65,5,31293325
3791,1,5,19,17.15,9,105371161
2589,5,4,13,20.18,6,72217643
3792,1,2,3,29.5,10,105724869
2133,5,4,2,19.49,1,60037168
2933,5,2,16,23.84,5,81326701
2816,3,4,17,29.19,4,76383732
3706,5,6,13,19.02,3,103455774
2467,2,2,26,25.13,6,67273281
3927,7,6,17,13.75,6,111616774
1647,7,4,27,14.18,1,44216053
2942,4,1,11,11.63,10,83450421
2090,6,1,7,5.1,10,60959975
2273,7,1,7,7.6,2,64349894
653,4,6,15,28.93,2,15481730
3441,6,6,8,9.14,1,97493667
709,2,6,29,7.61,4,18616653
2596,7,1,15,21.72,5,71998109
3226,2,5,17,18.72,10,90486059
3754,6,5,4,12.34,10,107469260
721,1,6,20,10.63,5,19941148
1903,2,2,14,5.47,1,52184698
1108,6,2,2,2.82,10,34522603
1520,5,6,22,2.06,6,42514518
2106,7,6,19,9.04,9,60187289
2413,2,1,21,15.58,8,65773616
1648,7,3,11,14.99,9,47066772
708,6,6,0,20.99,6,21458428
2732,6,6,22,26.42,6,75714107
1857,3,1,7,16.14,7,52281966
3330,6,3,20,9.61,4,93252661
2578,2,6,21,28.67,3,69608271
709,4,2,13,5.71,7,19954583
3542,2,4,8,19.2,4,98863555
2389,1,1,19,6.3,6,65766227
3631,2,6,15,17.52,7,101378094
1127,7,6,19,29.48,8,30147325
1972,5,4,17,4.36,9,56360618
2631,5,6,17,26.45,2,71128447
3166,5,5,6,4.94,1,88796230
761,2,2,6,23.06,9,21007959
3720,2,2,23,11.83,3,101710009
3399,7,6,21,15.51,3,94777865
2588,3,1,14,12.22,10,72242122
2485,4,2,5,27.65,5,67714013
2350,1,2,15,15.38,9,64782207
1057,6,5,5,18.14,8,31104994
3907,1,1,18,16.37,10,107201177
2601,6,3,3,13.54,9,73735255
1605,2,6,0,7.38,10,47148269
1277,3,2,11,10.15,4,34764885
1293,3,4,12,24.94,6,35232848
2837,6,4,3,14.94,2,80345722
3446,3,5,29,14.2,8,94883945
1133,2,1,22,20.6,4,28575520
3098,1,2,13,28.08,7,85470722
756,3,2,12,7.47,7,22496870
2000,6,1,14,25.62,6,54294271
1660,3,3,26,25.21,9,43962533
1649,2,2,25,7.63,4,44710277
2938,1,5,0,5.42,7,84863456
1892,4,2,7,28.76,2,50440011
2128,6,3,25,8.63,8,58167540
2260,4,6,10,2.34,8,65540501
3781,5,2,18,4.69,6,104977556
3529,1,5,13,9.68,9,98543490
3797,3,6,8,1.68,10,107846120
1147,6,2,3,11.46,8,33957086
2680,2,6,29,17.34,7,72927737
2105,5,5,18,23.56,6,59122644
3888,4,2,12,25.81,3,107994250
1059,1,2,4,26.09,1,28555000
1241,2,3,29,28.02,10,33259435
1842,3,6,15,12.88,10,52191952
1829,2,2,9,23.73,4,49494545
3025,3,3,1,19.07,10,85596038
3432,5,4,0,1.57,4,99036818
1365,4,3,21,6.23,1,35867950
3954,3,5,11,6.69,6,111631536
1401,5,4,18,6.94,7,40189247
972,2,5,18,6.91,1,27009006
561,4,4,1,10.0,4,16023463
2075,7,4,29,6.43,5,57228138
3460,1,5,24,7.72,1,96537336
2884,6,4,5,7.27,9,83171521
2092,3,4,6,19.52,3,58843281
832,1,6,14,9.12,9,23670776
1482,2,3,14,4.14,3,41202653
2615,4,2,21,27.34,3,70887556
3656,2,5,17,12.31,6,101527699
1656,4,3,1,29.35,6,46148464
2498,6,3,11,20.16,1,69105224
1256,3,2,11,6.69,5,34519561
3194,3,6,18,4.3,6,89903223
3963,5,6,11,25.76,7,110148705
1530,3,3,15,9.09,4,42508654
2339,7,6,27,2.17,5,66639111
1369,1,2,16,20.13,3,36413719
2600,6,6,28,1.05,2,72317444
2965,2,4,6,2.7,4,82988659
2210,7,1,17,22.85,7,60427013
2367,7,6,7,8.94,9,69068367
3852,7,3,22,22.85,8,107106876
2034,6,5,13,17.83,6,57987259
3620,6,1,24,2.41,8,101618908
622,6,4,8,27.83,8,17716822
1009,6,6,27,10.17,8,27616509
2179,6,6,14,21.51,1,60247906
2145,6,6,16,19.4,6,59775732
1759,4,3,23,11.87,9,49059181
1475,4,5,20,26.28,9,40639064
1091,5,3,27,2.41,4,29986362
3817,4,4,23,9.39,4,106851802
1845,4,4,0,27.69,9,52214984
3451,5,1,3,6.38,5,98690007
2005,3,1,3,13.13,3,56367463
2029,3,4,16,25.5,4,55635804
2705,1,2,13,8.06,4,75110842
1422,7,1,20,9.35,9,39350914
2831,5,5,3,7.16,7,81045903
2467,3,3,26,22.08,10,67017158
3874,2,1,6,15.83,1,106620329
1986,5,1,19,13.09,7,55247322
1655,2,6,4,26.64,3,46442619
2703,2,3,22,20.18,7,74014857
3204,7,6,28,4.25,6,90105187
746,3,5,24,29.09,6,18658365
2735,5,6,21,20.23,1,75520911
2396,2,5,5,24.87,1,67137198
1472,2,6,9,17.17,3,41748535
580,6,6,25,29.31,6,14756604
3497,7,5,21,11.38,7,98492324
1467,6,4,11,13.81,2,40466705
2532,6,3,7,16.27,8,72186644
2875,7,3,6,9.91,8,82524818
3556,2,5,26,15.81,10,98266183
3812,5,6,10,27.78,7,107712130
2625,2,1,12,22.67,8,71742038
1343,2,4,24,6.45,10,36402099
750,2,2,17,23.46,5,18619455
3837,2,2,7,3.0,4,107293469
1312,6,5,27,5.52,1,35977393
3698,3,6,15,12.27,9,103141965
2813,2,1,29,19.26,7,74858359
2166,5,6,10,4.96,6,61813855
2389,7,1,8,17.8,6,67356457
2104,3,4,12,17.6,1,57667913
1782,4,4,14,28.23,8,49773011
978,6,4,1,10.31,3,28754632
2508,2,5,24,28.42,8,69352789
3513,7,2,18,8.88,1,97755023
822,5,3,20,25.62,4,20832809
2492,6,5,21,20.06,1,68883538
1206,6,6,25,19.35,9,33810491
652,4,1,24,12.65,2,16206542
3825,6,5,28,3.69,5,106983117
716,3,6,24,13.89,7,19073810
1317,6,6,29,14.14,7,35840546
1186,4,2,7,18.19,7,33101652
3482,2,4,0,2.29,9,99545491
1192,4,1,12,14.84,5,32873935
622,3,4,16,26.67,9,15731089
2238,5,3,16,25.91,5,60314028
2747,6,4,19,13.66,1,76251145
3979,4,6,29,15.97,3,109951547
3079,5,4,19,26.66,7,85376867
626,3,2,1,29.91,7,16300383
3190,6,4,0,7.74,4,90690290
2749,7,6,6,16.93,7,79050414
793,5,3,21,17.34,4,21054124
2335,3,2,24,16.81,10,63824408
2729,2,6,10,8.33,5,77468899
1699,7,3,29,23.17,7,47055300
2172,5,1,12,17.96,4,59991084
1171,6,3,18,16.7,4,32030292
3441,7,6,1,4.03,9,99160252
1807,6,1,8,23.67,9,51056741
3894,5,5,4,11.59,2,109524995
1228,6,2,14,19.38,9,34378850
2615,1,5,1,13.25,4,73140887
2090,7,5,19,0.92,4,60346362
522,5,3,25,25.89,3,12528977
1425,5,1,12,16.56,4,38971076
797,4,6,12,4.44,9,23393909
1175,3,4,8,13.92,2,32153259
909,4,5,19,6.36,3,24291882
3474,2,2,4,27.18,2,94497895
3324,3,1,22,14.39,5,91447891
1850,4,5,7,6.24,4,53579023
2361,5,4,14,25.11,3,65845610
2481,7,2,16,20.07,9,70808189
2379,4,2,20,7.66,2,65317146
2324,6,4,14,18.76,8,65758648
3743,6,1,24,6.16,1,104430840
3745,7,5,24,23.37,2,103215375
3539,4,4,14,13.22,2,98759423
3376,4,2,17,24.4,7,93001711
1694,4,6,29,3.19,4,47324843
3832,3,3,17,9.3,1,106371739
3822,1,4,17,14.14,6,104654631
2116,3,4,17,26.69,7,58301972
3190,2,1,0,3.48,3,89649593
1081,5,3,25,29.95,3,27513698
675,7,4,28,1.31,6,17845726
3627,7,4,11,6.25,4,103066088
3466,1,5,8,15.85,8,96852581
3665,4,5,5,16.66,1,101331055
1907,1,2,17,15.07,2,51870391
1480,7,3,26,4.69,3,41168347
3272,7,1,7,20.98,1,91962992
804,6,3,8,22.75,9,23585914
1862,6,5,17,20.36,5,51180752
834,1,4,11,27.34,2,20954302
2542,2,3,10,11.92,9,71594657
623,7,2,15,11.83,3,17629662
3148,1,1,18,8.54,1,86047093
1117,3,6,9,24.36,10,31687651
3348,4,4,13,3.93,9,95864109
3640,5,5,2,27.88,3,101950366
3720,1,3,18,28.45,4,101894309
2707,5,1,27,16.06,6,73526105
1956,6,3,12,13.43,7,55706019
2912,7,2,21,13.43,3,80324583
2786,1,6,18,24.7,3,75498996
1556,6,6,0,28.94,3,44248958
1105,6,5,12,6.24,8,32660463
1214,1,3,28,24.07,3,29881890
3046,5,6,9,25.13,5,85637859
2472,3,2,26,12.43,1,67184270
2319,5,1,17,12.83,7,63398996
2187,6,5,28,0.94,10,62152707
3454,1,1,9,8.45,10,97394060
1388,4,6,13,16.46,5,38966571
3435,2,6,21,16.78,4,95489632
1861,4,2,25,21.62,1,49643348
3420,5,6,12,24.21,8,96298510
585,5,5,11,11.1,5,17050530
2714,7,3,6,8.92,10,78558372
3836,3,5,5,6.69,1,108244136
2046,6,1,17,13.46,1,56581404
1911,3,6,22,5.38,4,52277792
1325,4,1,15,19.61,7,35428484
555,4,2,27,3.38,10,15172384
1846,4,3,21,20.11,4,49917171
1652,6,6,25,3.21,6,46544434
1829,1,1,11,24.26,3,48643891
1177,4,6,22,25.3,10,31632690
3418,3,5,28,18.43,9,93784461
2136,6,5,16,29.08,9,58709773
1225,7,6,23,10.94,10,36193053
3733,6,5,24,13.47,2,103136469
1099,1,4,25,6.77,10,29640882
2297,3,3,27,17.41,9,62095865
2311,6,2,26,13.26,1,62878003
3164,5,2,15,29.42,8,87331449
758,6,5,25,17.74,10,21850889
782,3,2,5,0.72,3,22402026
2545,2,6,21,6.02,6,70931807
761,6,5,28,20.71,9,20585833
2687,1,6,14,25.56,7,74247185
561,1,6,7,18.28,7,16298346
1571,4,4,26,29.0,6,42224540
3098,3,5,25,25.64,3,83972766
3669,1,3,4,22.82,8,102168444
3234,6,1,3,20.66,3,90208805
2056,1,3,10,11.18,6,58019834
1911,1,4,9,1.39,10,54608599
1196,6,3,8,16.75,7,34142052
1073,7,3,28,20.81,1,28464592
3322,7,5,5,26.18,10,94754186
1163,5,5,6,18.09,8,33224478
3267,7,4,8,13.43,6,93945972
3748,7,6,29,3.23,1,103788021
1617,1,1,22,13.4,10,44139512
1571,6,2,26,29.16,6,41213481
3169,7,3,24,17.46,6,87411910
3039,1,6,8,22.88,9,84449113
3312,3,1,28,28.18,6,90186682
2431,5,4,19,7.59,6,68207994
626,7,3,23,8.28,6,17411282
1081,3,2,18,22.75,1,28087459
3172,4,6,28,1.43,6,88311021
3473,2,1,0,10.11,7,97732885
2366,3,4,24,24.13,2,64174927
1809,3,4,21,24.71,6,49283170
1831,2,4,14,5.87,3,50851301
1766,3,2,1,0.5,10,52331363
1694,7,1,17,28.8,1,44592510
2008,3,1,21,15.36,2,55181795
1893,1,3,12,15.33,4,52279180
1010,1,3,4,20.18,1,27255535
1448,4,1,1,23.38,1,39764495
682,7,4,6,10.91,8,20951814
3149,7,4,15,16.33,6,88960332
620,6,6,29,23.58,4,14932704
1982,4,6,25,11.5,10,54968979
522,3,6,20,17.04,2,13190719
1284,5,3,19,10.57,8,34938103
2244,1,5,9,28.25,5,60989567
2518,4,5,25,1.91,3,69500618
1988,7,2,13,22.16,10,55697343
2112,7,2,26,15.72,3,57520258
2999,2,1,27,19.52,4,80403611
2803,1,1,29,6.97,1,74198303
1830,3,3,4,28.69,2,50333359
1038,2,5,20,14.68,8,29323575
3024,1,2,14,21.48,7,82554671
2993,4,1,0,3.14,6,85995745
2792,3,6,7,9.15,4,79194300
1997,5,1,14,27.23,10,55592986
2007,2,3,10,0.99,7,57217638
3274,7,4,20,11.02,2,91981644
2428,4,5,24,6.4,1,67252409
2741,3,4,27,10.33,2,74248186
3219,4,1,27,18.88,9,87628837
2077,2,1,25,25.92,4,54661176
3106,5,4,10,16.29,2,86159823
3986,2,1,8,27.27,3,110439262
2256,2,2,14,21.36,7,61339772
2800,3,3,23,28.15,7,76958264
3832,1,3,12,5.35,9,108209400
3415,2,3,11,26.27,6,94182196
2476,1,1,16,22.67,3,67994393
1700,6,1,7,28.34,7,48210703
2639,3,2,29,1.72,10,74060325
3928,5,3,21,3.37,4,110000872
1453,5,5,6,0.73,3,42922698
677,3,4,10,0.61,9,20941155
2523,4,4,7,7.71,5,71992660
718,5,3,4,17.39,10,20292924
1661,5,4,23,12.59,9,46338504
3598,4,3,7,4.45,10,102511910
1297,6,3,29,22.96,7,34868624
3302,5,6,20,4.7,9,92366038
3934,6,5,18,29.61,3,108691310
903,3,3,15,9.64,8,25121335
568,3,4,25,1.96,3,15918228
2896,7,4,21,5.72,6,81200474
1437,7,4,29,1.42,1,39221929
1475,7,1,10,7.23,3,41970884
3408,6,5,0,20.13,4,96834904
1283,4,3,14,11.2,9,35459224
2146,1,6,0,0.83,3,60275135
785,4,5,19,10.39,3,21911647
501,3,2,20,10.59,1,11032427
2990,5,5,8,8.45,4,85662250
3079,4,3,18,22.36,4,85230020
2338,7,6,29,4.57,7,65814683
852,2,1,23,16.7,5,22002531
997,1,2,28,1.32,6,26172434
3654,1,6,28,14.15,9,100944572
1463,5,3,21,23.26,5,39517999
3988,7,1,2,10.37,9,114340059
3660,5,6,28,3.48,1,101515759
1769,7,5,28,16.93,3,48757674
3557,6,5,18,29.38,2,98624013
2292,4,3,29,21.72,2,61481541
3244,5,6,18,14.27,7,91503360
1731,3,4,6,17.88,6,49781467
1804,5,3,7,10.74,3,50699848
3926,1,1,24,12.13,3,107855101
1650,6,1,11,24.83,10,47064028
3774,5,6,6,26.49,3,104225832
2251,5,4,13,16.33,10,63530730
2070,4,3,20,22.61,7,56452826
3848,1,3,19,25.09,7,105604560
3371,6,5,1,18.46,5,96023638
2088,4,3,1,27.66,1,57492910
823,3,3,16,17.92,4,21162845
1888,1,1,23,16.43,1,49524891
769,2,4,22,22.11,9,19779571
3662,3,1,11,18.72,3,101360229
2324,3,4,4,26.88,3,64886435
515,4,2,10,23.72,7,14091552
2783,1,3,14,16.35,8,76368139
2997,4,6,26,21.22,8,83164667
3988,2,2,9,26.8,3,110059931
885,3,1,22,13.03,1,23132593
2250,7,6,4,10.39,1,65345408
1329,1,2,27,25.22,6,34583193
1737,3,1,7,3.22,3,49171350
989,4,4,7,15.94,10,27696744
728,2,3,15,1.93,2,20360257
3202,5,2,15,21.4,7,88374888
2556,7,1,6,27.77,7,71059293
2640,4,2,19,28.89,3,71772342
1597,2,6,14,11.51,1,43695707
2894,4,4,26,25.67,9,79738895
3563,5,3,19,19.73,9,99083917
1183,6,2,21,7.15,7,32662991
3125,5,2,26,2.2,3,86127301
2339,5,3,8,18.07,5,65197417
523,3,1,18,10.72,5,12981974
2475,2,6,14,26.33,3,66859214
738,4,4,7,28.03,5,20460243
1900,2,2,11,17.21,3,51662933
3422,4,1,4,18.55,5,95686529
559,3,4,10,4.36,1,15418404
3270,1,2,0,10.41,8,93243351
1423,6,1,10,24.36,7,39008354
1406,6,4,29,15.18,3,36857672
659,5,5,14,9.77,9,19076365
1452,6,4,25,16.16,9,39256449
3656,6,5,28,15.33,2,102071339
3319,1,3,17,14.19,7,91347711
3752,2,2,6,14.22,7,104783021
1372,4,4,19,16.86,2,38066568
1563,4,3,1,28.38,10,44169019
3662,2,3,27,26.31,6,99993083
1066,7,4,25,16.43,10,30419103
2985,7,5,11,1.81,2,85635264
3178,7,5,26,26.24,7,87197927
3963,6,4,9,19.37,6,111574633
2062,3,4,2,4.15,2,59162878
3119,5,5,5,26.39,6,86495176
802,2,3,9,15.89,4,21801938
1457,6,5,5,7.31,1,42921402
716,6,5,29,24.14,3,16963414
1743,3,5,18,8.49,4,48374000
1316,6,6,5,25.03,2,36889383
2053,2,6,2,18.7,8,58958808
3473,5,1,8,10.18,4,96936917
1937,4,5,25,9.68,10,54163016
3465,4,1,25,8.44,1,94804446
3647,7,6,18,4.99,2,103676042
1750,6,1,25,7.64,4,47927191
3115,5,3,14,10.92,7,87489755
803,4,4,15,8.69,3,23040495
1210,3,4,3,12.89,6,36078926
1337,3,1,21,10.28,1,34892373
1085,6,5,17,24.97,1,28907427
1790,1,5,6,16.44,7,50755943
3137,6,1,2,5.59,3,88830722
3882,6,2,11,16.8,5,108662645
2802,3,5,5,8.0,6,79171319
3893,5,3,0,21.98,7,110245250
1175,1,3,15,13.79,7,31846469
2680,6,1,4,28.36,9,75351106
2687,4,4,17,3.04,4,75954356
1574,1,2,9,5.38,8,43777735
1572,7,1,16,21.65,9,44010133
774,2,1,28,7.26,8,19068657
2173,2,6,27,2.02,5,59712660
1656,6,3,18,16.69,5,45636975
527,4,1,7,27.34,10,15126276
2737,3,1,16,14.06,5,75111662
2468,6,3,15,15.5,10,69585462
3725,7,3,22,0.56,10,105714520
3702,1,1,23,23.92,7,101289057
1028,4,4,21,29.85,2,25995668
2863,7,3,5,1.65,5,81736520
3125,5,5,9,5.97,4,88648536
3360,1,5,13,5.88,7,94812949
3414,4,6,24,25.01,2,93018733
2409,2,2,15,29.38,2,64298991
2322,2,3,28,28.26,8,61443134
1465,6,6,19,6.83,5,41163066
3874,1,5,25,10.42,10,107620277
794,3,2,14,20.76,5,19886718
2254,6,5,22,7.8,1,62340459
2367,6,4,8,27.37,6,65827306
2542,1,3,6,12.06,1,71396519
3639,2,4,16,7.66,5,101398868
1685,1,5,29,5.75,6,46508390
2222,3,1,17,29.02,6,59998071
1587,1,5,29,4.63,8,43232082
2926,7,6,26,29.44,9,81400588
2472,6,3,16,3.42,7,70462269
2149,4,1,17,24.47,10,58720667
2469,6,1,20,9.71,7,69034513
2538,6,5,3,27.7,7,72225965
2836,5,5,16,27.9,5,78769737
2791,3,5,7,27.84,9,78051361
3765,4,4,29,8.47,6,104782657
664,2,4,18,2.37,5,19623289
3891,4,2,18,29.41,8,107264063
908,3,4,11,18.11,1,24231078
2957,6,3,29,6.91,1,81202529
3848,4,6,8,14.63,6,108738190
3048,3,6,19,27.4,4,82845781
3593,1,2,8,3.04,7,101821042
3017,2,2,21,18.23,10,83043491
1129,5,6,22,1.04,5,31911542
2029,1,5,28,12.02,2,55591575
1642,4,3,15,20.23,3,44706373
1282,4,2,0,12.55,7,37062904
1294,3,3,16,22.36,9,35031425
1473,6,6,26,13.07,9,40990202
1385,1,3,15,16.86,4,37569603
848,4,5,29,11.82,9,23449603
3113,3,4,6,14.78,1,87159329
1908,7,4,19,12.78,7,53813868
2035,2,6,15,7.69,2,56370546
3237,6,5,5,4.72,6,91632112
1589,5,1,17,20.73,9,43818130
3196,4,6,4,6.15,9,91636663
2973,4,3,7,1.32,10,84771873
3686,4,4,15,29.01,9,102402828
1111,3,5,1,5.24,6,32235033
1101,1,5,28,3.46,7,30762205
1086,3,4,16,17.83,6,29423293
1612,2,2,15,12.49,3,44224698
1620,3,2,26,22.01,7,43766044
1465,4,1,9,17.13,5,40353495
2808,3,1,21,17.3,6,76334450
3014,3,2,27,20.14,4,82078401
3942,6,3,26,5.31,9,110771541
2060,7,4,10,23.13,2,58062900
1005,4,6,3,12.36,9,30406187
1639,2,1,20,21.81,10,44252554
1626,7,2,28,16.26,6,44225606
1908,6,3,13,3.55,5,54180872
3892,4,1,26,7.35,6,107654588
525,6,5,8,12.27,6,16359602
573,5,2,5,0.51,3,16519402
3684,6,1,11,16.42,8,103327423
1817,7,4,14,2.91,7,51922827
1294,1,6,28,15.82,4,34247748
2976,3,5,24,29.51,8,81862499
2867,4,6,11,27.36,6,79492025
1258,2,2,7,19.52,4,33993704
1075,3,3,18,2.44,10,30273597
3049,1,5,20,12.89,2,82394906
3569,4,6,4,10.14,5,101410015
3542,7,1,18,6.45,2,99472881
1277,2,6,16,25.7,2,34499622
3975,5,5,2,11.08,5,112550021
3816,4,4,23,8.25,7,105487282
1817,5,5,14,23.13,10,50668962
1796,1,4,17,5.8,7,49781865
3759,5,5,22,20.74,9,105278389
1801,3,2,17,9.5,7,50447310
3115,4,6,10,17.98,4,87095226
1081,5,6,28,12.58,7,29652591
911,7,6,16,26.64,8,24994988
2010,2,6,13,6.81,2,56758448
3499,7,6,24,27.06,5,96619854
2937,4,2,19,2.92,2,79661836
1537,1,3,23,1.87,9,43205821
1655,7,3,14,29.75,7,45732565
3808,3,5,9,12.23,9,108123290
3069,3,6,4,16.14,2,86338979
2686,1,4,0,4.33,7,77333816
2266,4,5,27,28.2,1,60741761
3544,1,5,26,14.79,7,96790385
3003,1,4,14,23.73,6,82687184
3248,3,5,20,19.42,3,88682584
2016,6,2,23,6.31,3,55840256
758,2,3,14,19.24,2,19649785
592,4,5,19,7.74,3,16394747
3739,1,3,13,19.82,6,103997170
3820,3,6,9,15.91,1,107470481
2692,6,2,26,2.43,4,74682338
2066,3,3,27,10.1,4,54743271
1870,3,1,26,4.71,2,51173815
2982,6,2,28,9.55,3,82228130
3196,7,1,9,24.05,1,88803809
2822,7,5,12,0.7,8,81653761
2646,4,3,23,6.87,9,73326356
3524,1,4,17,25.48,10,97620437
715,1,4,28,4.48,3,18698288
2187,6,3,24,8.91,8,60041741
2551,1,4,27,10.8,2,69362576
2467,2,6,15,20.35,1,68493183
1225,1,4,1,29.35,4,33424741
1198,6,1,28,14.92,4,30912004
2469,4,1,29,17.19,4,66148414
1382,7,4,7,28.65,1,38150954
2181,6,1,0,21.4,5,61220096
3237,6,4,15,10.47,3,91147834
1905,5,6,0,24.08,1,54350470
1005,1,6,12,10.65,2,28762242
541,4,1,27,4.74,10,13576125
1313,1,4,2,8.74,5,37123211
3961,4,5,15,11.66,6,110562768
807,7,5,16,15.32,6,23167677
3463,3,1,14,9.24,1,96275673
3796,3,1,23,23.61,10,104131093
1814,2,6,25,12.55,4,49594059
1518,6,3,20,28.43,9,41823608
2907,2,5,21,27.89,4,79289041
2342,7,5,27,24.66,10,64922112
855,2,5,20,29.84,6,22630894
3088,3,1,8,7.64,2,86917139
2626,5,6,11,4.41,2,74395772
2872,5,3,21,11.14,7,80590021
1211,4,2,21,18.13,8,32762074
556,6,4,18,7.33,3,16563122
1393,3,4,25,22.4,5,36714586
884,2,4,5,18.25,2,24042364
1933,1,1,10,5.45,8,53871670
566,1,4,8,4.74,7,16413197
1733,4,3,19,16.18,4,47272538
1488,6,4,17,26.36,7,41504324
1104,3,5,15,3.26,6,32189469
3909,1,3,19,23.29,3,107324356
3726,6,4,7,16.44,5,104537348
1293,4,1,19,28.59,8,34607975
2958,1,4,2,22.78,9,82732717
3270,3,3,14,3.14,10,91964237
603,3,4,24,29.77,4,13922576
1375,6,1,22,16.81,9,37250282
3444,2,2,13,27.7,6,94866879
2346,2,3,1,12.8,2,65061295
2398,3,3,10,1.92,3,67976841
1318,6,1,4,28.45,10,36915423
3120,1,1,22,7.97,5,85616171
2308,4,4,1,8.83,6,66795349
2547,1,3,3,27.46,10,71212504
3295,7,1,26,28.76,4,89489539
2346,3,3,1,23.24,6,65129414
2676,3,4,4,25.43,4,74821156
1356,4,6,24,19.92,9,36878531
644,6,6,5,16.1,2,19288371
3424,6,6,26,6.9,6,96457562
2420,6,3,17,8.36,4,67230463
1074,5,1,5,27.02,1,28256211
2682,5,6,24,22.21,9,76096846
1773,6,1,14,12.16,1,49609920
1572,2,2,16,4.83,4,42775093
2994,7,1,5,4.92,1,85509979
3858,1,6,6,8.66,4,108857725
3847,2,4,26,3.68,5,106102668
2649,5,1,19,10.26,10,74770121
